<?xml version="1.0" encoding="UTF-8"?><?xml-stylesheet type='text/xsl' href='_UpgradeReport_Files/UpgradeReport.xslt'?><UpgradeLog>
<Properties><Property Name="Solution" Value="AinDecompiler">
</Property><Property Name="Solution File" Value="E:\AliceSoft\Alicesoft System 4.X Tools\AinDecompiler\Source Code\AinDecompiler.sln">
</Property><Property Name="Date" Value="Thursday, November 02, 2017">
</Property><Property Name="Time" Value="2:26 AM">
</Property></Properties><Event ErrorLevel="0" Project="" Source="AinDecompiler.sln" Description="File successfully backed up as E:\AliceSoft\Alicesoft System 4.X Tools\AinDecompiler\Source Code\Backup\AinDecompiler.sln">
</Event><Event ErrorLevel="0" Project="AinDecompiler" Source="AinDecompiler\AinDecompiler.csproj" Description="Project file successfully backed up as E:\AliceSoft\Alicesoft System 4.X Tools\AinDecompiler\Source Code\Backup\AinDecompiler\AinDecompiler.csproj">
</Event><Event ErrorLevel="0" Project="AinDecompiler" Source="AinDecompiler\AboutForm.cs" Description="File successfully backed up as E:\AliceSoft\Alicesoft System 4.X Tools\AinDecompiler\Source Code\Backup\AinDecompiler\AboutForm.cs">
</Event><Event ErrorLevel="0" Project="AinDecompiler" Source="AinDecompiler\AboutForm.Designer.cs" Description="File successfully backed up as E:\AliceSoft\Alicesoft System 4.X Tools\AinDecompiler\Source Code\Backup\AinDecompiler\AboutForm.Designer.cs">
</Event><Event ErrorLevel="0" Project="AinDecompiler" Source="AinDecompiler\AinFile.cs" Description="File successfully backed up as E:\AliceSoft\Alicesoft System 4.X Tools\AinDecompiler\Source Code\Backup\AinDecompiler\AinFile.cs">
</Event><Event ErrorLevel="0" Project="AinDecompiler" Source="AinDecompiler\AinTypes.cs" Description="File successfully backed up as E:\AliceSoft\Alicesoft System 4.X Tools\AinDecompiler\Source Code\Backup\AinDecompiler\AinTypes.cs">
</Event><Event ErrorLevel="0" Project="AinDecompiler" Source="AinDecompiler\AlternativeNames.cs" Description="File successfully backed up as E:\AliceSoft\Alicesoft System 4.X Tools\AinDecompiler\Source Code\Backup\AinDecompiler\AlternativeNames.cs">
</Event><Event ErrorLevel="0" Project="AinDecompiler" Source="AinDecompiler\AnnotateWithNamesForm.cs" Description="File successfully backed up as E:\AliceSoft\Alicesoft System 4.X Tools\AinDecompiler\Source Code\Backup\AinDecompiler\AnnotateWithNamesForm.cs">
</Event><Event ErrorLevel="0" Project="AinDecompiler" Source="AinDecompiler\AnnotateWithNamesForm.Designer.cs" Description="File successfully backed up as E:\AliceSoft\Alicesoft System 4.X Tools\AinDecompiler\Source Code\Backup\AinDecompiler\AnnotateWithNamesForm.Designer.cs">
</Event><Event ErrorLevel="0" Project="AinDecompiler" Source="AinDecompiler\ArgumentKinds.cs" Description="File successfully backed up as E:\AliceSoft\Alicesoft System 4.X Tools\AinDecompiler\Source Code\Backup\AinDecompiler\ArgumentKinds.cs">
</Event><Event ErrorLevel="0" Project="AinDecompiler" Source="AinDecompiler\AssemblerProjectReader.cs" Description="File successfully backed up as E:\AliceSoft\Alicesoft System 4.X Tools\AinDecompiler\Source Code\Backup\AinDecompiler\AssemblerProjectReader.cs">
</Event><Event ErrorLevel="0" Project="AinDecompiler" Source="AinDecompiler\AssemblerProjectWriter.cs" Description="File successfully backed up as E:\AliceSoft\Alicesoft System 4.X Tools\AinDecompiler\Source Code\Backup\AinDecompiler\AssemblerProjectWriter.cs">
</Event><Event ErrorLevel="0" Project="AinDecompiler" Source="AinDecompiler\AssembleOptionsForm.cs" Description="File successfully backed up as E:\AliceSoft\Alicesoft System 4.X Tools\AinDecompiler\Source Code\Backup\AinDecompiler\AssembleOptionsForm.cs">
</Event><Event ErrorLevel="0" Project="AinDecompiler" Source="AinDecompiler\AssembleOptionsForm.Designer.cs" Description="File successfully backed up as E:\AliceSoft\Alicesoft System 4.X Tools\AinDecompiler\Source Code\Backup\AinDecompiler\AssembleOptionsForm.Designer.cs">
</Event><Event ErrorLevel="0" Project="AinDecompiler" Source="AinDecompiler\BackgroundTask.cs" Description="File successfully backed up as E:\AliceSoft\Alicesoft System 4.X Tools\AinDecompiler\Source Code\Backup\AinDecompiler\BackgroundTask.cs">
</Event><Event ErrorLevel="0" Project="AinDecompiler" Source="AinDecompiler\CharacterWidthCache.cs" Description="File successfully backed up as E:\AliceSoft\Alicesoft System 4.X Tools\AinDecompiler\Source Code\Backup\AinDecompiler\CharacterWidthCache.cs">
</Event><Event ErrorLevel="0" Project="AinDecompiler" Source="AinDecompiler\CodeDisplayState.cs" Description="File successfully backed up as E:\AliceSoft\Alicesoft System 4.X Tools\AinDecompiler\Source Code\Backup\AinDecompiler\CodeDisplayState.cs">
</Event><Event ErrorLevel="0" Project="AinDecompiler" Source="AinDecompiler\CodeExporter.cs" Description="File successfully backed up as E:\AliceSoft\Alicesoft System 4.X Tools\AinDecompiler\Source Code\Backup\AinDecompiler\CodeExporter.cs">
</Event><Event ErrorLevel="0" Project="AinDecompiler" Source="AinDecompiler\CodeSearchCache.cs" Description="File successfully backed up as E:\AliceSoft\Alicesoft System 4.X Tools\AinDecompiler\Source Code\Backup\AinDecompiler\CodeSearchCache.cs">
</Event><Event ErrorLevel="0" Project="AinDecompiler" Source="AinDecompiler\CollectionWithIndex.cs" Description="File successfully backed up as E:\AliceSoft\Alicesoft System 4.X Tools\AinDecompiler\Source Code\Backup\AinDecompiler\CollectionWithIndex.cs">
</Event><Event ErrorLevel="0" Project="AinDecompiler" Source="AinDecompiler\Compiler\CodeGenerator.cs" Description="File successfully backed up as E:\AliceSoft\Alicesoft System 4.X Tools\AinDecompiler\Source Code\Backup\AinDecompiler\Compiler\CodeGenerator.cs">
</Event><Event ErrorLevel="0" Project="AinDecompiler" Source="AinDecompiler\Compiler\Compiler-dictionaries.cs" Description="File successfully backed up as E:\AliceSoft\Alicesoft System 4.X Tools\AinDecompiler\Source Code\Backup\AinDecompiler\Compiler\Compiler-dictionaries.cs">
</Event><Event ErrorLevel="0" Project="AinDecompiler" Source="AinDecompiler\Compiler\Compiler-Getinitialvalues.cs" Description="File successfully backed up as E:\AliceSoft\Alicesoft System 4.X Tools\AinDecompiler\Source Code\Backup\AinDecompiler\Compiler\Compiler-Getinitialvalues.cs">
</Event><Event ErrorLevel="0" Project="AinDecompiler" Source="AinDecompiler\Compiler\Compiler-Getsymbols.cs" Description="File successfully backed up as E:\AliceSoft\Alicesoft System 4.X Tools\AinDecompiler\Source Code\Backup\AinDecompiler\Compiler\Compiler-Getsymbols.cs">
</Event><Event ErrorLevel="0" Project="AinDecompiler" Source="AinDecompiler\Compiler\Compiler-main.cs" Description="File successfully backed up as E:\AliceSoft\Alicesoft System 4.X Tools\AinDecompiler\Source Code\Backup\AinDecompiler\Compiler\Compiler-main.cs">
</Event><Event ErrorLevel="0" Project="AinDecompiler" Source="AinDecompiler\Compiler\Compiler-preprocessor.cs" Description="File successfully backed up as E:\AliceSoft\Alicesoft System 4.X Tools\AinDecompiler\Source Code\Backup\AinDecompiler\Compiler\Compiler-preprocessor.cs">
</Event><Event ErrorLevel="0" Project="AinDecompiler" Source="AinDecompiler\Compiler\Compiler-types.cs" Description="File successfully backed up as E:\AliceSoft\Alicesoft System 4.X Tools\AinDecompiler\Source Code\Backup\AinDecompiler\Compiler\Compiler-types.cs">
</Event><Event ErrorLevel="0" Project="AinDecompiler" Source="AinDecompiler\Compiler\Compiler.cs" Description="File successfully backed up as E:\AliceSoft\Alicesoft System 4.X Tools\AinDecompiler\Source Code\Backup\AinDecompiler\Compiler\Compiler.cs">
</Event><Event ErrorLevel="0" Project="AinDecompiler" Source="AinDecompiler\Compiler\FirstPass.cs" Description="File successfully backed up as E:\AliceSoft\Alicesoft System 4.X Tools\AinDecompiler\Source Code\Backup\AinDecompiler\Compiler\FirstPass.cs">
</Event><Event ErrorLevel="0" Project="AinDecompiler" Source="AinDecompiler\Compiler\KeywordTable.cs" Description="File successfully backed up as E:\AliceSoft\Alicesoft System 4.X Tools\AinDecompiler\Source Code\Backup\AinDecompiler\Compiler\KeywordTable.cs">
</Event><Event ErrorLevel="0" Project="AinDecompiler" Source="AinDecompiler\Compiler\MultipleDictionary.cs" Description="File successfully backed up as E:\AliceSoft\Alicesoft System 4.X Tools\AinDecompiler\Source Code\Backup\AinDecompiler\Compiler\MultipleDictionary.cs">
</Event><Event ErrorLevel="0" Project="AinDecompiler" Source="AinDecompiler\Compiler\MyEnumerator.cs" Description="File successfully backed up as E:\AliceSoft\Alicesoft System 4.X Tools\AinDecompiler\Source Code\Backup\AinDecompiler\Compiler\MyEnumerator.cs">
</Event><Event ErrorLevel="0" Project="AinDecompiler" Source="AinDecompiler\Compiler\MyEnumerator2.cs" Description="File successfully backed up as E:\AliceSoft\Alicesoft System 4.X Tools\AinDecompiler\Source Code\Backup\AinDecompiler\Compiler\MyEnumerator2.cs">
</Event><Event ErrorLevel="0" Project="AinDecompiler" Source="AinDecompiler\Compiler\SecondPass.cs" Description="File successfully backed up as E:\AliceSoft\Alicesoft System 4.X Tools\AinDecompiler\Source Code\Backup\AinDecompiler\Compiler\SecondPass.cs">
</Event><Event ErrorLevel="0" Project="AinDecompiler" Source="AinDecompiler\Compiler\TokenExpression.cs" Description="File successfully backed up as E:\AliceSoft\Alicesoft System 4.X Tools\AinDecompiler\Source Code\Backup\AinDecompiler\Compiler\TokenExpression.cs">
</Event><Event ErrorLevel="0" Project="AinDecompiler" Source="AinDecompiler\Compiler\TokenType.cs" Description="File successfully backed up as E:\AliceSoft\Alicesoft System 4.X Tools\AinDecompiler\Source Code\Backup\AinDecompiler\Compiler\TokenType.cs">
</Event><Event ErrorLevel="0" Project="AinDecompiler" Source="AinDecompiler\CompositeInstructions.cs" Description="File successfully backed up as E:\AliceSoft\Alicesoft System 4.X Tools\AinDecompiler\Source Code\Backup\AinDecompiler\CompositeInstructions.cs">
</Event><Event ErrorLevel="0" Project="AinDecompiler" Source="AinDecompiler\Console.cs" Description="File successfully backed up as E:\AliceSoft\Alicesoft System 4.X Tools\AinDecompiler\Source Code\Backup\AinDecompiler\Console.cs">
</Event><Event ErrorLevel="0" Project="AinDecompiler" Source="AinDecompiler\Crc32.cs" Description="File successfully backed up as E:\AliceSoft\Alicesoft System 4.X Tools\AinDecompiler\Source Code\Backup\AinDecompiler\Crc32.cs">
</Event><Event ErrorLevel="0" Project="AinDecompiler" Source="AinDecompiler\DataTypeExtensions.cs" Description="File successfully backed up as E:\AliceSoft\Alicesoft System 4.X Tools\AinDecompiler\Source Code\Backup\AinDecompiler\DataTypeExtensions.cs">
</Event><Event ErrorLevel="0" Project="AinDecompiler" Source="AinDecompiler\DecodeAin.cs" Description="File successfully backed up as E:\AliceSoft\Alicesoft System 4.X Tools\AinDecompiler\Source Code\Backup\AinDecompiler\DecodeAin.cs">
</Event><Event ErrorLevel="0" Project="AinDecompiler" Source="AinDecompiler\DecompiledCodeCache.cs" Description="File successfully backed up as E:\AliceSoft\Alicesoft System 4.X Tools\AinDecompiler\Source Code\Backup\AinDecompiler\DecompiledCodeCache.cs">
</Event><Event ErrorLevel="0" Project="AinDecompiler" Source="AinDecompiler\DefaultArgumentFinder.cs" Description="File successfully backed up as E:\AliceSoft\Alicesoft System 4.X Tools\AinDecompiler\Source Code\Backup\AinDecompiler\DefaultArgumentFinder.cs">
</Event><Event ErrorLevel="0" Project="AinDecompiler" Source="AinDecompiler\DefaultWordWrapOptions.cs" Description="File successfully backed up as E:\AliceSoft\Alicesoft System 4.X Tools\AinDecompiler\Source Code\Backup\AinDecompiler\DefaultWordWrapOptions.cs">
</Event><Event ErrorLevel="0" Project="AinDecompiler" Source="AinDecompiler\DialogExtensions.cs" Description="File successfully backed up as E:\AliceSoft\Alicesoft System 4.X Tools\AinDecompiler\Source Code\Backup\AinDecompiler\DialogExtensions.cs">
</Event><Event ErrorLevel="0" Project="AinDecompiler" Source="AinDecompiler\DictionaryWrapper.cs" Description="File successfully backed up as E:\AliceSoft\Alicesoft System 4.X Tools\AinDecompiler\Source Code\Backup\AinDecompiler\DictionaryWrapper.cs">
</Event><Event ErrorLevel="0" Project="AinDecompiler" Source="AinDecompiler\DisassemblyOptionsForm.cs" Description="File successfully backed up as E:\AliceSoft\Alicesoft System 4.X Tools\AinDecompiler\Source Code\Backup\AinDecompiler\DisassemblyOptionsForm.cs">
</Event><Event ErrorLevel="0" Project="AinDecompiler" Source="AinDecompiler\DisassemblyOptionsForm.Designer.cs" Description="File successfully backed up as E:\AliceSoft\Alicesoft System 4.X Tools\AinDecompiler\Source Code\Backup\AinDecompiler\DisassemblyOptionsForm.Designer.cs">
</Event><Event ErrorLevel="0" Project="AinDecompiler" Source="AinDecompiler\EditMetadata2.cs" Description="File successfully backed up as E:\AliceSoft\Alicesoft System 4.X Tools\AinDecompiler\Source Code\Backup\AinDecompiler\EditMetadata2.cs">
</Event><Event ErrorLevel="0" Project="AinDecompiler" Source="AinDecompiler\EditMetadata2.Designer.cs" Description="File successfully backed up as E:\AliceSoft\Alicesoft System 4.X Tools\AinDecompiler\Source Code\Backup\AinDecompiler\EditMetadata2.Designer.cs">
</Event><Event ErrorLevel="0" Project="AinDecompiler" Source="AinDecompiler\EncodingDetector.cs" Description="File successfully backed up as E:\AliceSoft\Alicesoft System 4.X Tools\AinDecompiler\Source Code\Backup\AinDecompiler\EncodingDetector.cs">
</Event><Event ErrorLevel="0" Project="AinDecompiler" Source="AinDecompiler\EnumerationTypeEditor.cs" Description="File successfully backed up as E:\AliceSoft\Alicesoft System 4.X Tools\AinDecompiler\Source Code\Backup\AinDecompiler\EnumerationTypeEditor.cs">
</Event><Event ErrorLevel="0" Project="AinDecompiler" Source="AinDecompiler\EnumerationTypeEditor.Designer.cs" Description="File successfully backed up as E:\AliceSoft\Alicesoft System 4.X Tools\AinDecompiler\Source Code\Backup\AinDecompiler\EnumerationTypeEditor.Designer.cs">
</Event><Event ErrorLevel="0" Project="AinDecompiler" Source="AinDecompiler\ErrorsListForm.cs" Description="File successfully backed up as E:\AliceSoft\Alicesoft System 4.X Tools\AinDecompiler\Source Code\Backup\AinDecompiler\ErrorsListForm.cs">
</Event><Event ErrorLevel="0" Project="AinDecompiler" Source="AinDecompiler\ErrorsListForm.Designer.cs" Description="File successfully backed up as E:\AliceSoft\Alicesoft System 4.X Tools\AinDecompiler\Source Code\Backup\AinDecompiler\ErrorsListForm.Designer.cs">
</Event><Event ErrorLevel="0" Project="AinDecompiler" Source="AinDecompiler\ExportImportStringsForm.cs" Description="File successfully backed up as E:\AliceSoft\Alicesoft System 4.X Tools\AinDecompiler\Source Code\Backup\AinDecompiler\ExportImportStringsForm.cs">
</Event><Event ErrorLevel="0" Project="AinDecompiler" Source="AinDecompiler\ExportImportStringsForm.Designer.cs" Description="File successfully backed up as E:\AliceSoft\Alicesoft System 4.X Tools\AinDecompiler\Source Code\Backup\AinDecompiler\ExportImportStringsForm.Designer.cs">
</Event><Event ErrorLevel="0" Project="AinDecompiler" Source="AinDecompiler\ExportImportTextNewForm.cs" Description="File successfully backed up as E:\AliceSoft\Alicesoft System 4.X Tools\AinDecompiler\Source Code\Backup\AinDecompiler\ExportImportTextNewForm.cs">
</Event><Event ErrorLevel="0" Project="AinDecompiler" Source="AinDecompiler\ExportImportTextNewForm.Designer.cs" Description="File successfully backed up as E:\AliceSoft\Alicesoft System 4.X Tools\AinDecompiler\Source Code\Backup\AinDecompiler\ExportImportTextNewForm.Designer.cs">
</Event><Event ErrorLevel="0" Project="AinDecompiler" Source="AinDecompiler\FindDefaultValueForm.cs" Description="File successfully backed up as E:\AliceSoft\Alicesoft System 4.X Tools\AinDecompiler\Source Code\Backup\AinDecompiler\FindDefaultValueForm.cs">
</Event><Event ErrorLevel="0" Project="AinDecompiler" Source="AinDecompiler\FindDefaultValueForm.Designer.cs" Description="File successfully backed up as E:\AliceSoft\Alicesoft System 4.X Tools\AinDecompiler\Source Code\Backup\AinDecompiler\FindDefaultValueForm.Designer.cs">
</Event><Event ErrorLevel="0" Project="AinDecompiler" Source="AinDecompiler\FormsExtensions.cs" Description="File successfully backed up as E:\AliceSoft\Alicesoft System 4.X Tools\AinDecompiler\Source Code\Backup\AinDecompiler\FormsExtensions.cs">
</Event><Event ErrorLevel="0" Project="AinDecompiler" Source="AinDecompiler\FunctionSearch2.cs" Description="File successfully backed up as E:\AliceSoft\Alicesoft System 4.X Tools\AinDecompiler\Source Code\Backup\AinDecompiler\FunctionSearch2.cs">
</Event><Event ErrorLevel="0" Project="AinDecompiler" Source="AinDecompiler\FunctionSearch2.Designer.cs" Description="File successfully backed up as E:\AliceSoft\Alicesoft System 4.X Tools\AinDecompiler\Source Code\Backup\AinDecompiler\FunctionSearch2.Designer.cs">
</Event><Event ErrorLevel="0" Project="AinDecompiler" Source="AinDecompiler\CycleChecker.cs" Description="File successfully backed up as E:\AliceSoft\Alicesoft System 4.X Tools\AinDecompiler\Source Code\Backup\AinDecompiler\CycleChecker.cs">
</Event><Event ErrorLevel="0" Project="AinDecompiler" Source="AinDecompiler\DataType.cs" Description="File successfully backed up as E:\AliceSoft\Alicesoft System 4.X Tools\AinDecompiler\Source Code\Backup\AinDecompiler\DataType.cs">
</Event><Event ErrorLevel="0" Project="AinDecompiler" Source="AinDecompiler\Decompiler.cs" Description="File successfully backed up as E:\AliceSoft\Alicesoft System 4.X Tools\AinDecompiler\Source Code\Backup\AinDecompiler\Decompiler.cs">
</Event><Event ErrorLevel="0" Project="AinDecompiler" Source="AinDecompiler\DisassemblerForListFile.cs" Description="File successfully backed up as E:\AliceSoft\Alicesoft System 4.X Tools\AinDecompiler\Source Code\Backup\AinDecompiler\DisassemblerForListFile.cs">
</Event><Event ErrorLevel="0" Project="AinDecompiler" Source="AinDecompiler\Expression.cs" Description="File successfully backed up as E:\AliceSoft\Alicesoft System 4.X Tools\AinDecompiler\Source Code\Backup\AinDecompiler\Expression.cs">
</Event><Event ErrorLevel="0" Project="AinDecompiler" Source="AinDecompiler\ExpressionDataType.cs" Description="File successfully backed up as E:\AliceSoft\Alicesoft System 4.X Tools\AinDecompiler\Source Code\Backup\AinDecompiler\ExpressionDataType.cs">
</Event><Event ErrorLevel="0" Project="AinDecompiler" Source="AinDecompiler\ExpressionDisplayer.cs" Description="File successfully backed up as E:\AliceSoft\Alicesoft System 4.X Tools\AinDecompiler\Source Code\Backup\AinDecompiler\ExpressionDisplayer.cs">
</Event><Event ErrorLevel="0" Project="AinDecompiler" Source="AinDecompiler\ExpressionStatic.cs" Description="File successfully backed up as E:\AliceSoft\Alicesoft System 4.X Tools\AinDecompiler\Source Code\Backup\AinDecompiler\ExpressionStatic.cs">
</Event><Event ErrorLevel="0" Project="AinDecompiler" Source="AinDecompiler\Extensions.cs" Description="File successfully backed up as E:\AliceSoft\Alicesoft System 4.X Tools\AinDecompiler\Source Code\Backup\AinDecompiler\Extensions.cs">
</Event><Event ErrorLevel="0" Project="AinDecompiler" Source="AinDecompiler\ExplorerForm.cs" Description="File successfully backed up as E:\AliceSoft\Alicesoft System 4.X Tools\AinDecompiler\Source Code\Backup\AinDecompiler\ExplorerForm.cs">
</Event><Event ErrorLevel="0" Project="AinDecompiler" Source="AinDecompiler\ExplorerForm.Designer.cs" Description="File successfully backed up as E:\AliceSoft\Alicesoft System 4.X Tools\AinDecompiler\Source Code\Backup\AinDecompiler\ExplorerForm.Designer.cs">
</Event><Event ErrorLevel="0" Project="AinDecompiler" Source="AinDecompiler\FunctionEnumerator.cs" Description="File successfully backed up as E:\AliceSoft\Alicesoft System 4.X Tools\AinDecompiler\Source Code\Backup\AinDecompiler\FunctionEnumerator.cs">
</Event><Event ErrorLevel="0" Project="AinDecompiler" Source="AinDecompiler\GameSpecific.cs" Description="File successfully backed up as E:\AliceSoft\Alicesoft System 4.X Tools\AinDecompiler\Source Code\Backup\AinDecompiler\GameSpecific.cs">
</Event><Event ErrorLevel="0" Project="AinDecompiler" Source="AinDecompiler\HistoryForm.cs" Description="File successfully backed up as E:\AliceSoft\Alicesoft System 4.X Tools\AinDecompiler\Source Code\Backup\AinDecompiler\HistoryForm.cs">
</Event><Event ErrorLevel="0" Project="AinDecompiler" Source="AinDecompiler\HistoryForm.Designer.cs" Description="File successfully backed up as E:\AliceSoft\Alicesoft System 4.X Tools\AinDecompiler\Source Code\Backup\AinDecompiler\HistoryForm.Designer.cs">
</Event><Event ErrorLevel="0" Project="AinDecompiler" Source="AinDecompiler\Instruction.cs" Description="File successfully backed up as E:\AliceSoft\Alicesoft System 4.X Tools\AinDecompiler\Source Code\Backup\AinDecompiler\Instruction.cs">
</Event><Event ErrorLevel="0" Project="AinDecompiler" Source="AinDecompiler\InstructionExtensions.cs" Description="File successfully backed up as E:\AliceSoft\Alicesoft System 4.X Tools\AinDecompiler\Source Code\Backup\AinDecompiler\InstructionExtensions.cs">
</Event><Event ErrorLevel="0" Project="AinDecompiler" Source="AinDecompiler\Interfaces.cs" Description="File successfully backed up as E:\AliceSoft\Alicesoft System 4.X Tools\AinDecompiler\Source Code\Backup\AinDecompiler\Interfaces.cs">
</Event><Event ErrorLevel="0" Project="AinDecompiler" Source="AinDecompiler\Metadata.cs" Description="File successfully backed up as E:\AliceSoft\Alicesoft System 4.X Tools\AinDecompiler\Source Code\Backup\AinDecompiler\Metadata.cs">
</Event><Event ErrorLevel="0" Project="AinDecompiler" Source="AinDecompiler\MetadataEditorForm.cs" Description="File successfully backed up as E:\AliceSoft\Alicesoft System 4.X Tools\AinDecompiler\Source Code\Backup\AinDecompiler\MetadataEditorForm.cs">
</Event><Event ErrorLevel="0" Project="AinDecompiler" Source="AinDecompiler\MetadataEditorForm.Designer.cs" Description="File successfully backed up as E:\AliceSoft\Alicesoft System 4.X Tools\AinDecompiler\Source Code\Backup\AinDecompiler\MetadataEditorForm.Designer.cs">
</Event><Event ErrorLevel="0" Project="AinDecompiler" Source="AinDecompiler\MetadataFile.cs" Description="File successfully backed up as E:\AliceSoft\Alicesoft System 4.X Tools\AinDecompiler\Source Code\Backup\AinDecompiler\MetadataFile.cs">
</Event><Event ErrorLevel="0" Project="AinDecompiler" Source="AinDecompiler\ModifiedShiftJis.cs" Description="File successfully backed up as E:\AliceSoft\Alicesoft System 4.X Tools\AinDecompiler\Source Code\Backup\AinDecompiler\ModifiedShiftJis.cs">
</Event><Event ErrorLevel="0" Project="AinDecompiler" Source="AinDecompiler\ModifiedShiftJis2.cs" Description="File successfully backed up as E:\AliceSoft\Alicesoft System 4.X Tools\AinDecompiler\Source Code\Backup\AinDecompiler\ModifiedShiftJis2.cs">
</Event><Event ErrorLevel="0" Project="AinDecompiler" Source="AinDecompiler\MyBackgroundWorker.cs" Description="File successfully backed up as E:\AliceSoft\Alicesoft System 4.X Tools\AinDecompiler\Source Code\Backup\AinDecompiler\MyBackgroundWorker.cs">
</Event><Event ErrorLevel="0" Project="AinDecompiler" Source="AinDecompiler\MyIndentedTextWriter.cs" Description="File successfully backed up as E:\AliceSoft\Alicesoft System 4.X Tools\AinDecompiler\Source Code\Backup\AinDecompiler\MyIndentedTextWriter.cs">
</Event><Event ErrorLevel="0" Project="AinDecompiler" Source="AinDecompiler\MyTextReader.cs" Description="File successfully backed up as E:\AliceSoft\Alicesoft System 4.X Tools\AinDecompiler\Source Code\Backup\AinDecompiler\MyTextReader.cs">
</Event><Event ErrorLevel="0" Project="AinDecompiler" Source="AinDecompiler\MyTextReader2.cs" Description="File successfully backed up as E:\AliceSoft\Alicesoft System 4.X Tools\AinDecompiler\Source Code\Backup\AinDecompiler\MyTextReader2.cs">
</Event><Event ErrorLevel="0" Project="AinDecompiler" Source="AinDecompiler\RecentFilesList.cs" Description="File successfully backed up as E:\AliceSoft\Alicesoft System 4.X Tools\AinDecompiler\Source Code\Backup\AinDecompiler\RecentFilesList.cs">
</Event><Event ErrorLevel="0" Project="AinDecompiler" Source="AinDecompiler\ScintillaExtensions.cs" Description="File successfully backed up as E:\AliceSoft\Alicesoft System 4.X Tools\AinDecompiler\Source Code\Backup\AinDecompiler\ScintillaExtensions.cs">
</Event><Event ErrorLevel="0" Project="AinDecompiler" Source="AinDecompiler\StreamExtensions.cs" Description="File successfully backed up as E:\AliceSoft\Alicesoft System 4.X Tools\AinDecompiler\Source Code\Backup\AinDecompiler\StreamExtensions.cs">
</Event><Event ErrorLevel="0" Project="AinDecompiler" Source="AinDecompiler\TestCompilerForm.cs" Description="File successfully backed up as E:\AliceSoft\Alicesoft System 4.X Tools\AinDecompiler\Source Code\Backup\AinDecompiler\TestCompilerForm.cs">
</Event><Event ErrorLevel="0" Project="AinDecompiler" Source="AinDecompiler\TestCompilerForm.Designer.cs" Description="File successfully backed up as E:\AliceSoft\Alicesoft System 4.X Tools\AinDecompiler\Source Code\Backup\AinDecompiler\TestCompilerForm.Designer.cs">
</Event><Event ErrorLevel="0" Project="AinDecompiler" Source="AinDecompiler\TextImportExport2.cs" Description="File successfully backed up as E:\AliceSoft\Alicesoft System 4.X Tools\AinDecompiler\Source Code\Backup\AinDecompiler\TextImportExport2.cs">
</Event><Event ErrorLevel="0" Project="AinDecompiler" Source="AinDecompiler\TextImportExport3.cs" Description="File successfully backed up as E:\AliceSoft\Alicesoft System 4.X Tools\AinDecompiler\Source Code\Backup\AinDecompiler\TextImportExport3.cs">
</Event><Event ErrorLevel="0" Project="AinDecompiler" Source="AinDecompiler\TextReaderWrapper.cs" Description="File successfully backed up as E:\AliceSoft\Alicesoft System 4.X Tools\AinDecompiler\Source Code\Backup\AinDecompiler\TextReaderWrapper.cs">
</Event><Event ErrorLevel="0" Project="AinDecompiler" Source="AinDecompiler\MyTypeConverter.cs" Description="File successfully backed up as E:\AliceSoft\Alicesoft System 4.X Tools\AinDecompiler\Source Code\Backup\AinDecompiler\MyTypeConverter.cs">
</Event><Event ErrorLevel="0" Project="AinDecompiler" Source="AinDecompiler\NativeMethods.cs" Description="File successfully backed up as E:\AliceSoft\Alicesoft System 4.X Tools\AinDecompiler\Source Code\Backup\AinDecompiler\NativeMethods.cs">
</Event><Event ErrorLevel="0" Project="AinDecompiler" Source="AinDecompiler\Operator.cs" Description="File successfully backed up as E:\AliceSoft\Alicesoft System 4.X Tools\AinDecompiler\Source Code\Backup\AinDecompiler\Operator.cs">
</Event><Event ErrorLevel="0" Project="AinDecompiler" Source="AinDecompiler\PopupForm.cs" Description="File successfully backed up as E:\AliceSoft\Alicesoft System 4.X Tools\AinDecompiler\Source Code\Backup\AinDecompiler\PopupForm.cs">
</Event><Event ErrorLevel="0" Project="AinDecompiler" Source="AinDecompiler\PopupForm.Designer.cs" Description="File successfully backed up as E:\AliceSoft\Alicesoft System 4.X Tools\AinDecompiler\Source Code\Backup\AinDecompiler\PopupForm.Designer.cs">
</Event><Event ErrorLevel="0" Project="AinDecompiler" Source="AinDecompiler\Program.cs" Description="File successfully backed up as E:\AliceSoft\Alicesoft System 4.X Tools\AinDecompiler\Source Code\Backup\AinDecompiler\Program.cs">
</Event><Event ErrorLevel="0" Project="AinDecompiler" Source="AinDecompiler\ProgressForm.cs" Description="File successfully backed up as E:\AliceSoft\Alicesoft System 4.X Tools\AinDecompiler\Source Code\Backup\AinDecompiler\ProgressForm.cs">
</Event><Event ErrorLevel="0" Project="AinDecompiler" Source="AinDecompiler\ProgressForm.Designer.cs" Description="File successfully backed up as E:\AliceSoft\Alicesoft System 4.X Tools\AinDecompiler\Source Code\Backup\AinDecompiler\ProgressForm.Designer.cs">
</Event><Event ErrorLevel="0" Project="AinDecompiler" Source="AinDecompiler\Properties\AssemblyInfo.cs" Description="File successfully backed up as E:\AliceSoft\Alicesoft System 4.X Tools\AinDecompiler\Source Code\Backup\AinDecompiler\Properties\AssemblyInfo.cs">
</Event><Event ErrorLevel="0" Project="AinDecompiler" Source="AinDecompiler\Properties\Resources.Designer.cs" Description="File successfully backed up as E:\AliceSoft\Alicesoft System 4.X Tools\AinDecompiler\Source Code\Backup\AinDecompiler\Properties\Resources.Designer.cs">
</Event><Event ErrorLevel="0" Project="AinDecompiler" Source="AinDecompiler\Properties\Settings.Designer.cs" Description="File successfully backed up as E:\AliceSoft\Alicesoft System 4.X Tools\AinDecompiler\Source Code\Backup\AinDecompiler\Properties\Settings.Designer.cs">
</Event><Event ErrorLevel="0" Project="AinDecompiler" Source="AinDecompiler\PropertyGridForm.cs" Description="File successfully backed up as E:\AliceSoft\Alicesoft System 4.X Tools\AinDecompiler\Source Code\Backup\AinDecompiler\PropertyGridForm.cs">
</Event><Event ErrorLevel="0" Project="AinDecompiler" Source="AinDecompiler\PropertyGridForm.Designer.cs" Description="File successfully backed up as E:\AliceSoft\Alicesoft System 4.X Tools\AinDecompiler\Source Code\Backup\AinDecompiler\PropertyGridForm.Designer.cs">
</Event><Event ErrorLevel="0" Project="AinDecompiler" Source="AinDecompiler\ReassembleForm.cs" Description="File successfully backed up as E:\AliceSoft\Alicesoft System 4.X Tools\AinDecompiler\Source Code\Backup\AinDecompiler\ReassembleForm.cs">
</Event><Event ErrorLevel="0" Project="AinDecompiler" Source="AinDecompiler\ReassembleForm.Designer.cs" Description="File successfully backed up as E:\AliceSoft\Alicesoft System 4.X Tools\AinDecompiler\Source Code\Backup\AinDecompiler\ReassembleForm.Designer.cs">
</Event><Event ErrorLevel="0" Project="AinDecompiler" Source="AinDecompiler\ExpressionMap.cs" Description="File successfully backed up as E:\AliceSoft\Alicesoft System 4.X Tools\AinDecompiler\Source Code\Backup\AinDecompiler\ExpressionMap.cs">
</Event><Event ErrorLevel="0" Project="AinDecompiler" Source="AinDecompiler\RegistryUtility.cs" Description="File successfully backed up as E:\AliceSoft\Alicesoft System 4.X Tools\AinDecompiler\Source Code\Backup\AinDecompiler\RegistryUtility.cs">
</Event><Event ErrorLevel="0" Project="AinDecompiler" Source="AinDecompiler\SelectFontForm.cs" Description="File successfully backed up as E:\AliceSoft\Alicesoft System 4.X Tools\AinDecompiler\Source Code\Backup\AinDecompiler\SelectFontForm.cs">
</Event><Event ErrorLevel="0" Project="AinDecompiler" Source="AinDecompiler\SelectFontForm.Designer.cs" Description="File successfully backed up as E:\AliceSoft\Alicesoft System 4.X Tools\AinDecompiler\Source Code\Backup\AinDecompiler\SelectFontForm.Designer.cs">
</Event><Event ErrorLevel="0" Project="AinDecompiler" Source="AinDecompiler\SpreadEnumerationTypeForm.cs" Description="File successfully backed up as E:\AliceSoft\Alicesoft System 4.X Tools\AinDecompiler\Source Code\Backup\AinDecompiler\SpreadEnumerationTypeForm.cs">
</Event><Event ErrorLevel="0" Project="AinDecompiler" Source="AinDecompiler\SpreadEnumerationTypeForm.Designer.cs" Description="File successfully backed up as E:\AliceSoft\Alicesoft System 4.X Tools\AinDecompiler\Source Code\Backup\AinDecompiler\SpreadEnumerationTypeForm.Designer.cs">
</Event><Event ErrorLevel="0" Project="AinDecompiler" Source="AinDecompiler\StringExportImport.cs" Description="File successfully backed up as E:\AliceSoft\Alicesoft System 4.X Tools\AinDecompiler\Source Code\Backup\AinDecompiler\StringExportImport.cs">
</Event><Event ErrorLevel="0" Project="AinDecompiler" Source="AinDecompiler\IntUtil.cs" Description="File successfully backed up as E:\AliceSoft\Alicesoft System 4.X Tools\AinDecompiler\Source Code\Backup\AinDecompiler\IntUtil.cs">
</Event><Event ErrorLevel="0" Project="AinDecompiler" Source="AinDecompiler\TemporaryFile.cs" Description="File successfully backed up as E:\AliceSoft\Alicesoft System 4.X Tools\AinDecompiler\Source Code\Backup\AinDecompiler\TemporaryFile.cs">
</Event><Event ErrorLevel="0" Project="AinDecompiler" Source="AinDecompiler\TextPromptForm.cs" Description="File successfully backed up as E:\AliceSoft\Alicesoft System 4.X Tools\AinDecompiler\Source Code\Backup\AinDecompiler\TextPromptForm.cs">
</Event><Event ErrorLevel="0" Project="AinDecompiler" Source="AinDecompiler\TextPromptForm.Designer.cs" Description="File successfully backed up as E:\AliceSoft\Alicesoft System 4.X Tools\AinDecompiler\Source Code\Backup\AinDecompiler\TextPromptForm.Designer.cs">
</Event><Event ErrorLevel="0" Project="AinDecompiler" Source="AinDecompiler\TinyStopwatch.cs" Description="File successfully backed up as E:\AliceSoft\Alicesoft System 4.X Tools\AinDecompiler\Source Code\Backup\AinDecompiler\TinyStopwatch.cs">
</Event><Event ErrorLevel="0" Project="AinDecompiler" Source="AinDecompiler\Token.cs" Description="File successfully backed up as E:\AliceSoft\Alicesoft System 4.X Tools\AinDecompiler\Source Code\Backup\AinDecompiler\Token.cs">
</Event><Event ErrorLevel="0" Project="AinDecompiler" Source="AinDecompiler\TranslateVariableNamesForm.cs" Description="File successfully backed up as E:\AliceSoft\Alicesoft System 4.X Tools\AinDecompiler\Source Code\Backup\AinDecompiler\TranslateVariableNamesForm.cs">
</Event><Event ErrorLevel="0" Project="AinDecompiler" Source="AinDecompiler\TranslateVariableNamesForm.Designer.cs" Description="File successfully backed up as E:\AliceSoft\Alicesoft System 4.X Tools\AinDecompiler\Source Code\Backup\AinDecompiler\TranslateVariableNamesForm.Designer.cs">
</Event><Event ErrorLevel="0" Project="AinDecompiler" Source="AinDecompiler\translation\BackgroundTranslation.cs" Description="File successfully backed up as E:\AliceSoft\Alicesoft System 4.X Tools\AinDecompiler\Source Code\Backup\AinDecompiler\translation\BackgroundTranslation.cs">
</Event><Event ErrorLevel="0" Project="AinDecompiler" Source="AinDecompiler\translation\Extensions.cs" Description="File successfully backed up as E:\AliceSoft\Alicesoft System 4.X Tools\AinDecompiler\Source Code\Backup\AinDecompiler\translation\Extensions.cs">
</Event><Event ErrorLevel="0" Project="AinDecompiler" Source="AinDecompiler\translation\ExtentList.cs" Description="File successfully backed up as E:\AliceSoft\Alicesoft System 4.X Tools\AinDecompiler\Source Code\Backup\AinDecompiler\translation\ExtentList.cs">
</Event><Event ErrorLevel="0" Project="AinDecompiler" Source="AinDecompiler\translation\JapaneseTextUtil.cs" Description="File successfully backed up as E:\AliceSoft\Alicesoft System 4.X Tools\AinDecompiler\Source Code\Backup\AinDecompiler\translation\JapaneseTextUtil.cs">
</Event><Event ErrorLevel="0" Project="AinDecompiler" Source="AinDecompiler\translation\MySortedList.cs" Description="File successfully backed up as E:\AliceSoft\Alicesoft System 4.X Tools\AinDecompiler\Source Code\Backup\AinDecompiler\translation\MySortedList.cs">
</Event><Event ErrorLevel="0" Project="AinDecompiler" Source="AinDecompiler\translation\RegularExpressionMatchList.cs" Description="File successfully backed up as E:\AliceSoft\Alicesoft System 4.X Tools\AinDecompiler\Source Code\Backup\AinDecompiler\translation\RegularExpressionMatchList.cs">
</Event><Event ErrorLevel="0" Project="AinDecompiler" Source="AinDecompiler\translation\Romanizer.cs" Description="File successfully backed up as E:\AliceSoft\Alicesoft System 4.X Tools\AinDecompiler\Source Code\Backup\AinDecompiler\translation\Romanizer.cs">
</Event><Event ErrorLevel="0" Project="AinDecompiler" Source="AinDecompiler\translation\TextUtility.cs" Description="File successfully backed up as E:\AliceSoft\Alicesoft System 4.X Tools\AinDecompiler\Source Code\Backup\AinDecompiler\translation\TextUtility.cs">
</Event><Event ErrorLevel="0" Project="AinDecompiler" Source="AinDecompiler\translation\TranslationOptions.cs" Description="File successfully backed up as E:\AliceSoft\Alicesoft System 4.X Tools\AinDecompiler\Source Code\Backup\AinDecompiler\translation\TranslationOptions.cs">
</Event><Event ErrorLevel="0" Project="AinDecompiler" Source="AinDecompiler\translation\TranslationProgressDialogBox.cs" Description="File successfully backed up as E:\AliceSoft\Alicesoft System 4.X Tools\AinDecompiler\Source Code\Backup\AinDecompiler\translation\TranslationProgressDialogBox.cs">
</Event><Event ErrorLevel="0" Project="AinDecompiler" Source="AinDecompiler\translation\TranslationProgressDialogBox.Designer.cs" Description="File successfully backed up as E:\AliceSoft\Alicesoft System 4.X Tools\AinDecompiler\Source Code\Backup\AinDecompiler\translation\TranslationProgressDialogBox.Designer.cs">
</Event><Event ErrorLevel="0" Project="AinDecompiler" Source="AinDecompiler\translation\Translator.cs" Description="File successfully backed up as E:\AliceSoft\Alicesoft System 4.X Tools\AinDecompiler\Source Code\Backup\AinDecompiler\translation\Translator.cs">
</Event><Event ErrorLevel="0" Project="AinDecompiler" Source="AinDecompiler\ScintillaState.cs" Description="File successfully backed up as E:\AliceSoft\Alicesoft System 4.X Tools\AinDecompiler\Source Code\Backup\AinDecompiler\ScintillaState.cs">
</Event><Event ErrorLevel="0" Project="AinDecompiler" Source="AinDecompiler\VariableExtensions.cs" Description="File successfully backed up as E:\AliceSoft\Alicesoft System 4.X Tools\AinDecompiler\Source Code\Backup\AinDecompiler\VariableExtensions.cs">
</Event><Event ErrorLevel="0" Project="AinDecompiler" Source="AinDecompiler\VariableTracer.cs" Description="File successfully backed up as E:\AliceSoft\Alicesoft System 4.X Tools\AinDecompiler\Source Code\Backup\AinDecompiler\VariableTracer.cs">
</Event><Event ErrorLevel="0" Project="AinDecompiler" Source="AinDecompiler\WordWrapForm.cs" Description="File successfully backed up as E:\AliceSoft\Alicesoft System 4.X Tools\AinDecompiler\Source Code\Backup\AinDecompiler\WordWrapForm.cs">
</Event><Event ErrorLevel="0" Project="AinDecompiler" Source="AinDecompiler\WordWrapForm.Designer.cs" Description="File successfully backed up as E:\AliceSoft\Alicesoft System 4.X Tools\AinDecompiler\Source Code\Backup\AinDecompiler\WordWrapForm.Designer.cs">
</Event><Event ErrorLevel="0" Project="AinDecompiler" Source="AinDecompiler\WordWrapForm2.cs" Description="File successfully backed up as E:\AliceSoft\Alicesoft System 4.X Tools\AinDecompiler\Source Code\Backup\AinDecompiler\WordWrapForm2.cs">
</Event><Event ErrorLevel="0" Project="AinDecompiler" Source="AinDecompiler\WordWrapForm2.Designer.cs" Description="File successfully backed up as E:\AliceSoft\Alicesoft System 4.X Tools\AinDecompiler\Source Code\Backup\AinDecompiler\WordWrapForm2.Designer.cs">
</Event><Event ErrorLevel="0" Project="AinDecompiler" Source="AinDecompiler\WordWrapOptions.cs" Description="File successfully backed up as E:\AliceSoft\Alicesoft System 4.X Tools\AinDecompiler\Source Code\Backup\AinDecompiler\WordWrapOptions.cs">
</Event><Event ErrorLevel="0" Project="AinDecompiler" Source="AinDecompiler\WordWrapper.cs" Description="File successfully backed up as E:\AliceSoft\Alicesoft System 4.X Tools\AinDecompiler\Source Code\Backup\AinDecompiler\WordWrapper.cs">
</Event><Event ErrorLevel="0" Project="AinDecompiler" Source="AinDecompiler\Properties\Settings.settings" Description="File successfully backed up as E:\AliceSoft\Alicesoft System 4.X Tools\AinDecompiler\Source Code\Backup\AinDecompiler\Properties\Settings.settings">
</Event><Event ErrorLevel="0" Project="AinDecompiler" Source="AinDecompiler\Properties\DataSources\WordWrapOptions.datasource" Description="File successfully backed up as E:\AliceSoft\Alicesoft System 4.X Tools\AinDecompiler\Source Code\Backup\AinDecompiler\Properties\DataSources\WordWrapOptions.datasource">
</Event><Event ErrorLevel="0" Project="AinDecompiler" Source="AinDecompiler\Resources\back1.png" Description="File successfully backed up as E:\AliceSoft\Alicesoft System 4.X Tools\AinDecompiler\Source Code\Backup\AinDecompiler\Resources\back1.png">
</Event><Event ErrorLevel="0" Project="AinDecompiler" Source="AinDecompiler\Resources\back2.png" Description="File successfully backed up as E:\AliceSoft\Alicesoft System 4.X Tools\AinDecompiler\Source Code\Backup\AinDecompiler\Resources\back2.png">
</Event><Event ErrorLevel="0" Project="AinDecompiler" Source="AinDecompiler\SciLexer.dll" Description="File successfully backed up as E:\AliceSoft\Alicesoft System 4.X Tools\AinDecompiler\Source Code\Backup\AinDecompiler\SciLexer.dll">
</Event><Event ErrorLevel="0" Project="AinDecompiler" Source="AinDecompiler\test5.dll" Description="File successfully backed up as E:\AliceSoft\Alicesoft System 4.X Tools\AinDecompiler\Source Code\Backup\AinDecompiler\test5.dll">
</Event><Event ErrorLevel="0" Project="AinDecompiler" Source="AinDecompiler\zlib32.dll" Description="File successfully backed up as E:\AliceSoft\Alicesoft System 4.X Tools\AinDecompiler\Source Code\Backup\AinDecompiler\zlib32.dll">
</Event><Event ErrorLevel="0" Project="AinDecompiler" Source="AinDecompiler\AboutForm.resx" Description="File successfully backed up as E:\AliceSoft\Alicesoft System 4.X Tools\AinDecompiler\Source Code\Backup\AinDecompiler\AboutForm.resx">
</Event><Event ErrorLevel="0" Project="AinDecompiler" Source="AinDecompiler\AnnotateWithNamesForm.resx" Description="File successfully backed up as E:\AliceSoft\Alicesoft System 4.X Tools\AinDecompiler\Source Code\Backup\AinDecompiler\AnnotateWithNamesForm.resx">
</Event><Event ErrorLevel="0" Project="AinDecompiler" Source="AinDecompiler\AssembleOptionsForm.resx" Description="File successfully backed up as E:\AliceSoft\Alicesoft System 4.X Tools\AinDecompiler\Source Code\Backup\AinDecompiler\AssembleOptionsForm.resx">
</Event><Event ErrorLevel="0" Project="AinDecompiler" Source="AinDecompiler\DisassemblyOptionsForm.resx" Description="File successfully backed up as E:\AliceSoft\Alicesoft System 4.X Tools\AinDecompiler\Source Code\Backup\AinDecompiler\DisassemblyOptionsForm.resx">
</Event><Event ErrorLevel="0" Project="AinDecompiler" Source="AinDecompiler\EditMetadata2.resx" Description="File successfully backed up as E:\AliceSoft\Alicesoft System 4.X Tools\AinDecompiler\Source Code\Backup\AinDecompiler\EditMetadata2.resx">
</Event><Event ErrorLevel="0" Project="AinDecompiler" Source="AinDecompiler\EnumerationTypeEditor.resx" Description="File successfully backed up as E:\AliceSoft\Alicesoft System 4.X Tools\AinDecompiler\Source Code\Backup\AinDecompiler\EnumerationTypeEditor.resx">
</Event><Event ErrorLevel="0" Project="AinDecompiler" Source="AinDecompiler\ErrorsListForm.resx" Description="File successfully backed up as E:\AliceSoft\Alicesoft System 4.X Tools\AinDecompiler\Source Code\Backup\AinDecompiler\ErrorsListForm.resx">
</Event><Event ErrorLevel="0" Project="AinDecompiler" Source="AinDecompiler\ExportImportStringsForm.resx" Description="File successfully backed up as E:\AliceSoft\Alicesoft System 4.X Tools\AinDecompiler\Source Code\Backup\AinDecompiler\ExportImportStringsForm.resx">
</Event><Event ErrorLevel="0" Project="AinDecompiler" Source="AinDecompiler\ExportImportTextNewForm.resx" Description="File successfully backed up as E:\AliceSoft\Alicesoft System 4.X Tools\AinDecompiler\Source Code\Backup\AinDecompiler\ExportImportTextNewForm.resx">
</Event><Event ErrorLevel="0" Project="AinDecompiler" Source="AinDecompiler\FindDefaultValueForm.resx" Description="File successfully backed up as E:\AliceSoft\Alicesoft System 4.X Tools\AinDecompiler\Source Code\Backup\AinDecompiler\FindDefaultValueForm.resx">
</Event><Event ErrorLevel="0" Project="AinDecompiler" Source="AinDecompiler\FunctionSearch2.resx" Description="File successfully backed up as E:\AliceSoft\Alicesoft System 4.X Tools\AinDecompiler\Source Code\Backup\AinDecompiler\FunctionSearch2.resx">
</Event><Event ErrorLevel="0" Project="AinDecompiler" Source="AinDecompiler\ExplorerForm.resx" Description="File successfully backed up as E:\AliceSoft\Alicesoft System 4.X Tools\AinDecompiler\Source Code\Backup\AinDecompiler\ExplorerForm.resx">
</Event><Event ErrorLevel="0" Project="AinDecompiler" Source="AinDecompiler\HistoryForm.resx" Description="File successfully backed up as E:\AliceSoft\Alicesoft System 4.X Tools\AinDecompiler\Source Code\Backup\AinDecompiler\HistoryForm.resx">
</Event><Event ErrorLevel="0" Project="AinDecompiler" Source="AinDecompiler\MetadataEditorForm.resx" Description="File successfully backed up as E:\AliceSoft\Alicesoft System 4.X Tools\AinDecompiler\Source Code\Backup\AinDecompiler\MetadataEditorForm.resx">
</Event><Event ErrorLevel="0" Project="AinDecompiler" Source="AinDecompiler\PopupForm.resx" Description="File successfully backed up as E:\AliceSoft\Alicesoft System 4.X Tools\AinDecompiler\Source Code\Backup\AinDecompiler\PopupForm.resx">
</Event><Event ErrorLevel="0" Project="AinDecompiler" Source="AinDecompiler\ProgressForm.resx" Description="File successfully backed up as E:\AliceSoft\Alicesoft System 4.X Tools\AinDecompiler\Source Code\Backup\AinDecompiler\ProgressForm.resx">
</Event><Event ErrorLevel="0" Project="AinDecompiler" Source="AinDecompiler\Properties\Resources.resx" Description="File successfully backed up as E:\AliceSoft\Alicesoft System 4.X Tools\AinDecompiler\Source Code\Backup\AinDecompiler\Properties\Resources.resx">
</Event><Event ErrorLevel="0" Project="AinDecompiler" Source="AinDecompiler\PropertyGridForm.resx" Description="File successfully backed up as E:\AliceSoft\Alicesoft System 4.X Tools\AinDecompiler\Source Code\Backup\AinDecompiler\PropertyGridForm.resx">
</Event><Event ErrorLevel="0" Project="AinDecompiler" Source="AinDecompiler\ReassembleForm.resx" Description="File successfully backed up as E:\AliceSoft\Alicesoft System 4.X Tools\AinDecompiler\Source Code\Backup\AinDecompiler\ReassembleForm.resx">
</Event><Event ErrorLevel="0" Project="AinDecompiler" Source="AinDecompiler\SelectFontForm.resx" Description="File successfully backed up as E:\AliceSoft\Alicesoft System 4.X Tools\AinDecompiler\Source Code\Backup\AinDecompiler\SelectFontForm.resx">
</Event><Event ErrorLevel="0" Project="AinDecompiler" Source="AinDecompiler\SpreadEnumerationTypeForm.resx" Description="File successfully backed up as E:\AliceSoft\Alicesoft System 4.X Tools\AinDecompiler\Source Code\Backup\AinDecompiler\SpreadEnumerationTypeForm.resx">
</Event><Event ErrorLevel="0" Project="AinDecompiler" Source="AinDecompiler\TestCompilerForm.resx" Description="File successfully backed up as E:\AliceSoft\Alicesoft System 4.X Tools\AinDecompiler\Source Code\Backup\AinDecompiler\TestCompilerForm.resx">
</Event><Event ErrorLevel="0" Project="AinDecompiler" Source="AinDecompiler\TextPromptForm.resx" Description="File successfully backed up as E:\AliceSoft\Alicesoft System 4.X Tools\AinDecompiler\Source Code\Backup\AinDecompiler\TextPromptForm.resx">
</Event><Event ErrorLevel="0" Project="AinDecompiler" Source="AinDecompiler\TranslateVariableNamesForm.resx" Description="File successfully backed up as E:\AliceSoft\Alicesoft System 4.X Tools\AinDecompiler\Source Code\Backup\AinDecompiler\TranslateVariableNamesForm.resx">
</Event><Event ErrorLevel="0" Project="AinDecompiler" Source="AinDecompiler\translation\TranslationProgressDialogBox.resx" Description="File successfully backed up as E:\AliceSoft\Alicesoft System 4.X Tools\AinDecompiler\Source Code\Backup\AinDecompiler\translation\TranslationProgressDialogBox.resx">
</Event><Event ErrorLevel="0" Project="AinDecompiler" Source="AinDecompiler\WordWrapForm.resx" Description="File successfully backed up as E:\AliceSoft\Alicesoft System 4.X Tools\AinDecompiler\Source Code\Backup\AinDecompiler\WordWrapForm.resx">
</Event><Event ErrorLevel="0" Project="AinDecompiler" Source="AinDecompiler\WordWrapForm2.resx" Description="File successfully backed up as E:\AliceSoft\Alicesoft System 4.X Tools\AinDecompiler\Source Code\Backup\AinDecompiler\WordWrapForm2.resx">
</Event><Event ErrorLevel="0" Project="AinDecompiler" Source="AinDecompiler\AinDecompiler.csproj" Description="Project converted successfully">
</Event><Event ErrorLevel="3" Project="AinDecompiler" Source="AinDecompiler\AinDecompiler.csproj" Description="Converted">
</Event><Event ErrorLevel="0" Project="" Source="AinDecompiler.sln" Description="Solution converted successfully">
</Event><Event ErrorLevel="3" Project="" Source="AinDecompiler.sln" Description="Converted">
</Event><Event ErrorLevel="0" Project="AinDecompiler" Source="AinDecompiler\AinDecompiler.csproj" Description="Scan complete: Upgrade not required for project files.">
</Event></UpgradeLog>